komentar,label
username simulasi indonesia kembali dijajah keturunan belanda kedepan bye bye talenta anak bangsa lokal indonesia bubarkan liga dan pencarian bibit unggul atlet bola drpd rusak mental anak bangsanya,0
username username username keturunan lain yang gak main bola emang bisa di naturalisasi istimewa kepentingan negara itu sesuatu yg subjektif tergantung petingginya akal akalan naturalisasi biasa wajib bisa bahasa indonesia,0
username username uda botak keturunan penjajah sok si paling paham tentang bola lu coach mentok karir ngelatih futsal aja sok oke lu anjing,0
username username username belum tentu gak semuanya jadi pemain bola dan yg milih karir sebagai pemain bola pun belum tentu kualitasnya cukup buat timnas kalau pssi cuma fokus ke pemain keturunan mah sama aja mempersempit kolam mereka sendiri,0
username username username lu nya aja yg bego makanya nonton sendiri tolol persepsi orang beda nggak harus sama bego memang coach tolol sty tolol out aja udah,0
username saya punya saran kepada username username username kita terkenal dengan pola permainan yang cepat jika itu dihilangkan maka itu bahaya besar dalam persepak bolaan kita jadi mohon disampaikan ke username ini ciri khas permainan kita,0
ini sty ga coba asnawi jadi gelandang aja vo max nya paling tinggi loh diantara pemain timnas,0
username username username bukan masalah bnyak kesempatan tiap taun juga bnyak turnament sebenernya tpi gua rasa ini salah satu hajat besar pssi tiap taun cuman bersaing di level asia tenggara di piala asia inilah kredibilitas etsty di pertaruhkan klo pildun mah merem dh jngn ketinggian ekspetasinya,0
username biasa sty klo tantrum kan gtu semua hal dibawaâ² mna gaada yg ngingetin pulaa,0
username setelah pulang ke tanah air apakah akan dilempari telur juga layak nya timnas korsel yg gagal di era sty ðÿ²ðÿ²ðÿ²,0
username username posisinya arhan double juga tuh sama edo apa spesialnya bgst arhan sty emang nih,0
yaampun coach sty rek dendy teross,0
username gw mh yakin habis piala asia sty dipecat,0
wew ga ngira adam alis yg dicoret sihdi liga main ok kemarin main ok dan stok gelandang juga tipis banget meanwhile striker rame beneerr semoga sty ga salah pilihðÿ²,0
username tim sampah coachnya sampah miskin taktik goblok out aja sty out pelatih mentok,0
username kenapa bukan dendy s dn dimas dsty takut x sama bosnya mrk yaðÿðÿðÿ,0
username gue curiga ne anak biar dicoret masuk list senior ma sty jadi masih peluang masuk timnas belandaeeeh malah dibawa juga di piala asia ma sty ðÿ,0
username dendi pasti nyimpen pap tt nya sty dimaninin terus tu bocah,0
username dendy punya vidio sty lagi ngocokk makanya di panggil terus,0
username username pokoknya percaya penuh soal sty kecuali perihal mempertahankan dendy di skuadðÿ,0
username username username balik ke statement saya kemarin dendy salah satu anak emas sty yang selalu dia percayakan namun tidak juga kunjung perform agak laen memang sty ini,0
username lo nanya dendy ke sty nanti yang maju jawab pak manajer timnas un wkwk,0
bikin desak sty anjir ini dendy bapuk ngapain masih dipanggil mending ipang coy larinya ngebut,0
username dendy punya foto sty lagi berak,0
username username username sampe skrng tgl januari sikon hujan sedang masih belum paham mksd sty dendy ada mulu,0
username udah pasti dendi nyimpen poto bugil sty makanya selalu d bawak dan starter si biawak sunge satu ni,0
atlit lempar lembing gak pernah main di klub masih dipanggil timnas aja udah aneh jadi gak begitu heran sama keputusan sty setelahnya apalagi si dendy karyawan tetap juga dipanggil terus udah lah jangan berharap banyak ðÿ,0
username keknya dendy ini nyimpen foto telanjang sty deh,0
username fix sty punya hutang budi sama dendy,0
username siap naikan tagar sty outðÿ,0
username no emang bagus yaðÿ sty mana berani nyoretðÿðÿ,0
username username sty juara ngeles,0
beberapa kali liat sty pake pas lawan tim bagus selalu hasilnya jelek semoga di piala asia pake aja ernando ridho amat elkan walsh ivar marsel klok shayne rafael dimas,0
username dendi bekingannya jendral sty takut kyknya coret dia ðÿ,0
username hanya punya gelandang tengah murni untuk minimal pertandingan benar keputusan beresiko tinggi mungkin sty mencoba asnawi jordy dan shandy sebagai alternatif gelandang tengah jika ada yg cedera atau akumulasi faktanya yg dicoret gelandang tengah semua,0
username sudah di bilang dendy punya foto sty lagi berak un,0
seseorang tolong bikin acara desak sty aku udah nyiapin pertanyaan pertanyaan ttg dendy,0
username username banyak yang denial bang kalau sty itu jauh lebih buruk dibanding luis milla,0
username username dendi kntl setiawan ini klo masih di mainin kagak tau lgi dah sty,0
username adam alis arkhan fikri baru maen sebentar njirr gw kira mulai pencoretan setelah laga lawan libya besok ga ngerti sama sty sulit ditebak,0
username sty sayang bgt sm arhan yg engga perform di klub skrg tanpa klub kenapa engga arhan aja ya yg dicoret bek kiri timnas ada itu shayne edo arhan,0
username takut bgt sty bkl blunder dh krn bingung sbtulnya sih masa depan pemain itu bukan tugas coach tp balik lagi dr usaha pemain itu lets see lah ya bkl dibawa kemana sbnrnya iniðÿ,0
username username sty out piala asia gagal total phs jadi platih desember juara aff putaran wc,0
username gw yakin seyakin yakinnya sty habis piala asia di pecat pelatih tolol,0
username klo sty masih pake single pivot dan gelandang harus mencover area yg luas w pesimis sihðÿžðÿž,0
dengan alasan ini menurut saya sty tak sepenuh hati membangun timnasional ia hanya gila atensi dan ambisi pribadi keadaan ini mengingatkan lagi kepada kontroversi di awal kedatangannya ia pernah bersilang pendapat dengan dirtek pssi,0
di tengah harapan menunggu proses yang menjadi sebab kita sabar sty tergoda jalan pintas naturalisasi bukan soal boleh nga bolehnya haram dan tidak iya boleh saja tetapi sebenarnya ia telah mengingkari fatsum yg telah ia janjikan ndasmu proses,0
kontek berubah ada benarnya sty telah merubah wajah timnas ia memulai membangun timnas dengan wajah baru tidak lagi yang ituitu lagi tapi indikator berhasil tidak hanya itu pada bagian yang lain sty jauh dari kata berhasil ia gagal di banyak aspek,0
kenyataannya dalam thn bertugas sty masih saja bingung menentukan reguler yang menjadi starting baku ia belummemberi tropi apapun soal permainan sesekali saja timnas enak ditonton tapi kata warganet timna telah berubah,0
username username lord dendy sejak jaman sty auto main bro,0
sty hanya punya piala asia untuk membuktikan kemampuannya meracik tim ia telah terlalu banyak diberikan privilese oleh federasi juga warganet ia menjadi pelatih dengan durasi terpanjang dalam thn terakhir juga upah paling besar juga dimanjakan dgn suntikan pemain rantau,0
username apa yg diliat sty ya dari sosok dendy dan dimas,0
sebenarnya sty punya seribu alasan untuk mengindahkan dendy musim ini ia tak tampil baik di liga pemanggilannya juga penuh drama sampai manajer timnas dibully karena faktor kedekatan sparing vs libya tempo hari juga bermain alakadar belum nemu alasannya dipertahankan,0
username opsi lini tengah tipis yang menjadi pertanyaan edo febriansah ini salah satu anak emas sty jarang main tpi di panggil terus,0
username emg harus diremehin ini timnas sty kalo gagal total di piala asia sama kualifikasi pildun pressure buat angkat kaki pasti jadi sorotanðÿ,0
username dendy punya foto bugil sty kayaknya,0
username username dendy ini sty ngeliat apa nya sih,0
username timnas jalan di tempat gk ada perkembangan sty gaya doang,0
username username username ini sty udah jadi dewa gak boleh dikritik,0
username titipan pemda jangan sampai di coret nanti karir sty bisa terancam,0
username dendy pegang rahasia sty apa ya ini kalo sty ngelatih korsel juga dendy tetep di undang ðÿ,0
username kecoretlah kemaren dapat bola sisi kiri larinya kaga ada ada peluang disia siain kaya gitu mau jadi ter arhan arhannya sty mana main,0
username dendy ini pemain titipan cok masa iya pelatih sekelas sty buta matanya lihat kualitas pemain kek dendy ðÿðÿðÿ,0
username username keknya sty gamau panggil pemain dr klub yang pemiliknya problematicðÿ,0
username username username ha yang bener lebih baik dari yg gk dipanggil goal di liga itu cuma bro udah lah ini itu dipaggil bukan karena perfrom tapi suka suka sty aja kalau perform malik rizaldy lilipaly dah dipanggil,0
username username dendy punya video skandal sty ya wkwk,0
username username kesayangan sty itu begitu pentingnya kehadiran mereka berdua di timnas melebihi prestasinya eh ðÿ,0
username selama masih ada duo el titipan lord dendi dimas drajat jan berharap banyak deh btw goodluck styðÿš,0
username dendi kesayangan sty,0
username udahalh juru kunci pasti ni timnas emang aneh sty pemain jadi camat di klub dipertahanin mulu pemain cuma lari lari doang juga dibawa,0
username curiga dendy nyimpen foto sty,0
username kita punya forward dan masih ada dendy disana rahasia sty apa yg dia pegang sampe sebegininya,0
username username dendi nyimpen foto bugil nya sty kali,0
username dendy sama arhan punya aib nya sty kayanya nih,0
username dendi anak emas ya mas sty hahaa,0
username username realistis saja pak liat cara main dendi dibawah sty sm adam alis dibawah sty enakan mainnya adam alis ini mah pribadi saya saja pak tiap orang bebas berpendapat,0
username dendy ngmg apa ya ke sty sampe dibawa trs,0
username username username sempet kepikiran gini juga apa mungkin sty gak ngambil dari sono gara takut di intervensi bos nya jadi daripada rame mending kagak aja dah ðÿ,0
username username gak malah sty masih gambling jelasjelas saat lilipaly maen lawan turkmenistan bagus trus sty juga butuh pemain yg senior tapi malah cuma ada dua aja yg senior yaitu jordi sama klok ini mnurut gua sty kayak kurang pede malah gambling trus ke adam alis yg udh di calling dua kali,0
username username username si fajar harusnya yg patut di coba mah malah adam alis yg di calling lagi udh gitu di coret lagi sty nih kadang kadang masih perjudian mulu,0
username dendi ama arhan kok masih ada aje dibelakangnye pasti orang kuat nih sty aj ampe kicep,0
wkwwkk lebih milih dendy dibandin adam alis ðÿ pasrah aja kadang emang sty,0
sty lebih pilih egy hokky dan dendy dibanding adam alis ðÿââï,0
username wkwkwk adam alis dicoret gila vener sty,0
username hallo om sty ada masalah apa sama borneo ðÿ,0
username dendy ni punya video bokep sty atau gimana gapaham w dipanggil terus,0
fix dendy punya foto telanjang sty httpstcoolhfdwuf,0
username yang saya heran dari sty ini sudah ada saran dari expert tapi kok ttp ga didengar ya httpstcokbprxbpy,0
username username kalo gua jadi sty gua coret edo panggil lilipaly atau si fajardi posisi bek kiri ampe nama gitu ada shaynearhan sama edo,0
username asli dari pada manggil arkhan fikri sama adam alis yg udh numpuk bngt di pemain tengah mending panggil lilipaly soalnya mental lilipaly lumayan oke gak paham sama sty,0
username kenapa gak coba sty kan bentar lagi doi cabut dari timnas,0
username username taik sty pelatih mentok udah nggak punya plan a b c udahlah shintaeyongout,0
sty sebaiknya siap pulkam ke koreadia cuma comot pemain eropa semua orang juga bisa,0
username sty tenangjagoan dateng belakanganpulang nya duluan juga ðÿ,0
username jujur performanya mulai mundur sty ini tahun lalu bisa ngalahin kuwait dan curacao yang levelnya diatassetara libya makanya kemarin sempet optimis ngalahin irak karena pernah menang lawan kuwait di kandang lawan eh malah jadi selangkah mundur ðÿ,0
hasilnyabisa didugakalah telaktapi bukan soal kalah menangtapi kita perlu bangun atlit sep bolabukan atlit dadakan comot dari eropajika terus begitusampai kapanpun pssi tdk akan maju dan modern lebih baik sty pulang saja,0
username siap sty kebantai yg ke dua kali,0
username username username username username biar penyefong sty ga pada tolol,0
username username username dia macam ada persaingan pribadi dgn indra safriðÿ indra safri setelah dpt seagamessty ngerubah pakemnya lo perhatiin aja timnas thn vs beda bgtðÿðÿ,0
username masih heran kenapa sty masih belum tertarik masukin di ke timnaspadahal multi posisi juga jujur aja dibanding slot bek kiri diisi edo dan arhan mending fajrin kemanamana,0
sty paling bisa kalo kasih alasandan publik lgsg percaya inikah namanya cinta,0
username percaya stylihat aja nantidrakor,0
username udah pake pelatih sekelas sty masih bobrok username kapan evaluasi kompetisi usia dini gimana kompetisi piala indonesia gimana kompetisi liga putri gimana,0
selama sty pasang dendy amp edo gw anggep dia lagi coba atau sembunyiin taktik dah,0
username dendi anak pejabat saha sih dipanggil mulu tolol sty blog goblog disetir pejabat,0
username username sty out jika tahun depan kalah dari timor timur,0
username kalo gak bisa menang lawan vietnam mending sty out,0
username username in sty we trust hilih mbilgidis,0
username pelatih sty harus bisa menemukan solusi lini depan timnas indonesia masih bermasalah masih tumpul kurang kreatif membuka ruang untuk mencetak gol insitingnya kurang dalam mencetak gol untuk bersaing dipiala asia sebentar lagi,0
username kalau enggak menang lawan vietnam siap aja sty di serang sanasini soalnya statement doi lebih penting afc,0
username username el titipan ini aura magisnya mampu membuat sty terhipnotis,0
username indonesia bgt ngetroll y kritik sty sampe lupa sty udah berapakali kalah dan milih pemain titipan,0
username username bukan belain sty tp hari ini memang secara sistemnya berantakan dari liga sampai dari segi pribadi pemainnya liat malaysia memang jdt nunggu federasi atau kim pan gon ketemu mereka untuk naikin kualitas fisik pemain clubnya nunggu federasi untuk punya fasilitas grade a afc,0
username username di aff kemarin mati kutu ama irianto tp ya gak tau sty lebih suka pake klok buat dmf,0
username emg pelatih nya kek orang gblok pemain oke gbs diolah sty badutt,0
username terlepas dari selera sty sepertinya memang kepingan di lini depan lebih cocok untuk lilipaly ketimbang dendyegy,0
pak sty cobalah tekankan ke pemain nasional itu tidak zamannya lagi melewati pemain lawan dengan melego kerja sama yang paling utama,0
username rooney nganggur suruh gantiin sty aja udh mayan jadi pelatih indo atau minimal jadi assisten pelatih sty dah,0
username username bro gw pendukung sty dr awal tp ini uda kelamaan dan alesannya mutar muter itu aja awal sty bagus tp lama ga jelas dan dipertanyakan mulai dr taktik dan pemainnya cb itu pelatih lokal pasti uda lama dipecat standartnya ganda pssi yg skrg dan kental buzzernya,0
username username percuma aja pake pemain keturunan kalo pelatih nya aja gak bisa komunikasi dengan baik jadinya ambyar mending ganti tuh sty pake pelatih yg bisa komunikasi dgn baik seperti giovani van bronkhorst atau pieter huistra pasti gacor deh pak erik,0
lebih bisa berpikir positif percaya prosesnya thomas doll di persija daripada percaya prosesnya sty di timnas ðÿ,0
username percuma kalo pelatih nya sty yg main ttep dendy sama asnawi,0
username username takutnya kyk lilipaly gitu ga kepake sama pelatih sekelas sty,0
username username pemain lain masih ada istirahat kalau masih capek pemain lain udah ikut tc lama ya udah siap main ini baru dateng dipaksain main hadeeh sty out,0
username sty udahan lah capek dia username fokus benahi kompetisi lokal dulu,0
setelah rewatch indonesia vs libya satu yang harus dibenahi sama sty off the ball pemain kita jelek,0
username mending taktik satu aja terus dihapalin pemain sampai mateng yg dinaturalisasi belakang yg blunder belakang juga pr sty bagaimana membuat pemain naturalisasi mau bekerja keras,0
username username sty itu cuma nyari kambing hitam dari kegagalannya kebantai sama irak dikambinghitamkan nadeo gagal di aff sama sea games dikambinghitamkan pemain lokal draw lawan filipina disalahkan lapang sama main away,0
username username pemain naturalisasi kaya pemain tarkamapa ini karna strategi sty yg ngaco,0
username username username mohon maaf mas sty minta ny kiper yg bisa buildup dari bwah bukan yng ngnadelin long up ðÿœ,0
username username kebanyakan makan mielawakðÿœsty is out,0
username username bener sih sty terlalu nyaman,0
username bek bego ngapain kayak main futsal depan gawang passing passing ga jelas kalian masih percaya sty masih mau naturalisasi pemain terus hasilnya nol besar semua ðÿ,0
username kali ini sory to say sty dah mentok bedanya sama phs phs konsisten sty malah coba coba mulu,0
username izin sedikit menambahkan bung opik pemilihan pemain yang dilakukan oleh coach sty ini patut di pertanyakan saya ambil contoh lord dendy sang anak emas sty yang sudah berkali menjadi starter tapi tidak perform juga amit opinidenganadab,0
username knp dah perasaan awal dpgang sty bagus bener skrng jd merosot apa krna perlawanan nya yg beda,0
username sty suruh jadi coach timnas amin aja dah,0
username salah di sty ga bawa fano,0
username yh salah pelatih dong krn pelatih hebat pasti mampu mengakomodasi kualitas pemainnya klo pemain ga bisa maen possesion yg jgn main itu pemilihan pemainnya juga byk kurang tepat kok sty contoh dendy ma egy itu ga banget maennya,0
username kayaknya sty kena teluhkwkwkwkkw,0
username kemampuan sty sudah mentok dgn personil garuda,0
username wkwkwk sampe agak kacau krn mertahanin gaya main tapi keliatannya sekacau apapun gaada perubahan taktik selama pertandingan pdhl di pertandingan kompetitif sty sering ubah taktik kemungkinan besar ini akan jadi pakem taktik buat piala asia cmiiw,0
username setuju bngt brofirst half eksperimen sty gagal total tuh pemaen lokal yg difirst half pada prett semua maennya gajelas ga bisa apa bkin bnyk kesalahanklo klh satu gol masih dimakluminini gol tanpa balas memalukan,0
username tolong selamatkan timnas jika mmg hasil buruk terus menerpa segera saja sty diberhentikan sakit hati kami dengan hasil semalam,0
username komunikasisatu kekurangan sty gk bs bhs inggris,0
saran ke sty latih pemain utk bikin gol ke gawang lawan aturan baru di spbola hal itu diperbolehkan,0
username jelasin donk knp sandy walsh kmrn gak maen ya capek cedera atau bgmn ya lbh pilih maksa witan jd bek kanan apa sty sbgitu gak suka nya sama sandy walsh,0
username pak timnas kita keog lagi pak dengan skor mencolok lagi ðÿ tolong bilangin ke sty jangan gontaganti formasi permainan pak kalo bisa semua pemain keturunan yg ada di line up diturunin semuanya besok di leg ke biar ngga kebantai lagi,0
username username carlo ancelotti juga bagus tp ketika dia mulai jelek ya dganti zidane hasilnya real madrid tambah keren pssi bisa meniru ini ganti sty dgn pelatih baru,0
formasi yg dicoba coach sty kemaren emang benerbener baru dan keliatan banyak celahnya apalagi di babak ke yg sampe mainin marselino di posisi no bukan di no yg biasa dia main jadi ya jelas kacau tapi ya itu fungsinya laga uji coba ya kan ðÿ,0
username username sty kelas mana ðÿ,0
username dengan skuad rasa eropa sepertinya taktik sty malah kurang cocok dengan gaya permainan liga eropa ya bisa jadi sty akan diganti pelatih asal eropa who knows ðÿœ,0
username username memang akhir perjalanan sty bentar lagi keknya bang,0
username nadeo main di tiga match kualifikasi piala asia lalu dan melakukan banyak save lawan kuwait dan oman hanya karena kesalahan lawan irak lalu pdhal beknya bapuk sty ga bijak saat itu setidaknya dia dipanggil ke asia entah jadi kiper atau lagian diklub lagi perfome,0
saatnya dibehentikan bukan sty yg tak bagus sdm sepak bola kita yg tidak kuncung muncul krn pembinaan yg masih asal sekaliber apapun pelatih akan mentok pd akhirnya pr besar pembinaan kurikulum sekolah sepak bola harus ada jgn usia muda gila kompetisi paham username,0
username username wkwk uda brp tahun ini sty dan target gagal semua msh blg jgn terlalu dini,0
username username berarti dibawah sty timnas jadi jelek yang dulu bisa dikalahin sekarang gk bisa,0
username beresin sepak bola aja boss naturalisasi ya piala asia ya kanjuruhan ya apa minat jadi gubernur jakarta,0
kalah lagi naturalisasi lagi kalah nambah lagi naturalisasi tetep pecundang akhirnya skuad inti legiun asingðÿ mirip filipina sm singapore beberapa tahun lalu filipina sm singapore wajar karena kekurangan sdm olahraga bcos negeri kecil n bkn negara bola lah kita,0
username username username username udah naturalisasi kali kayak pemainâ² sepak bola ðÿœ,0
username juta rakyat indonesia gak dapat orang yg jago main bola shg naturalisasi banyak pemain luar diperlukan nonton bola gak lagi seseru klo rakyat asli indonesia yg main rakyat gak lagi merasa memiliki kesebelasan nasional,0
jargon nkri harga mati gak berlaku buat bola hahaha payah sah juta lebih rakyat indonesia eh malah naturalisasi,0
username cuma bisa main bola ketika ada pemain asin eh naturalisasi httpstcoyhmisvou,0
username username username nah ini lah lo termasuk org yg membenturbenturkan lokal sama naturalisasi korban omongan sty yg suka menjelekjelekan lokal dan mengagungagungkan naturalisasi,0
naturalisasi pemain asing adl program pssi yg memalukan bangsa ini krn dunia luar menganggap dari juga rakyat gak ada bahkan orang yg jago main bola pdhl pssi yg tlh gagal membina dan mencari bibit pemain pssi hrs menghentikan program hina ini,0
ya pantes aja masih banyak yg kontra naturalisasi halfblood mungkin masih banyak yg trauma sm yg modelan bgini semoga pemain yg skrg bs jd contoh yg lebih baik di dalam maupun luar lapangan,0
kita maunya instan mau target besar tapi dgn cara instan naturalisasi dijadikan solusi bukan dgn membenahi sekolah sepak bola kurikukum sekolah sepak bola kompetisi usia muda yg masih centang prenang gak tahu arah juntrungannya kita sudah gagal krn tak mau belajar,0
username username wajar kalah emang pantas kalah kualitas timnas juga cermin dari kualitas liga nya sendiri liga acak kadut tarkam dan problematik grasak grusuk ga ada skill yang penting nendang bola disatuin ma naturalisasi jg jadi lawak minyak jelantah di satuin ma aer kobokan ga nyatu,0
username username naturalisasi gak naturalisasi sama aja sih buruknya sepakbola indonesia mungkin emang bukan negara bola kali y tapi negara politikus,0
username username mau naturalisasi messi pun gk ngaruh negara maling kok di suruh maen bola,0
squad mahal dan lebih mahal dari lawannya tapi kalah telak lebih sakitnya lagi kebobolan dari tendangan tengah lapanganðÿðÿ½ââï haduuuh kelemahan kendala bahasa dari pelatih hingga pemain naturalisasi padahal yang terpenting dari sepak bola adalah kekompakan telan pahit ðÿðÿ½ââï,0
username terus aja naturalisasi sampai anak indonesia pada males main bola di dalam negeri ðÿðÿðÿðÿ,0
babak mana sih org yg ga setuju pemain belakang di naturalisasi semua liat noh bolong semua babak ajg pemain lokal atau pemain naturalisasi blunder semua cok welcome to fans bola indonesiaðÿ,0
username username keseringan dipuji jadi kepedean ini para pemain naturalisasi jadinya bego maennya,0
terlalu berat lawannya malah bikin mood pemain gk baik menurutku hentikan program instan naturalisasi mending benahi kelemahan yg mendasar sejak usia dini seperti passing nahan bola serta nutrisi yg baik biar fisiknya nggk kalah bersaing terus benahin kompetisi,0
pemain naturalisasi di naturalisasi cuma buat di cadangin trs ada yg bilang ini cuma pemanasan ah yg bukan pemanasan ge cadangan terus si dendy dimaenin terus emang bener bener ga badminton ga bola wkwkwk,0
username username username nih lo aja kemakan omongannya sty sibuk jelekâ²an org yg lo sebut lokal pret lo sendiri sebetulnya udah masuk ke golongan naturalisasi pret ini yg namanya membenturbenturkan ini ulahnya sty cuma lo ga sadar aja,0
agak miris lihat supporter bola skrng terlalu muja naturalisasi jujur gue udah muak sm supporter modelan kek gitu skrg nnton match indo aja udah gak se excited dulu ya krna males sm supporternya yg dikit bawa personal,0
username username username coba lo liat sana ke google alasan sty minta naturalisasi itu krn dia nilai pemain lokal bermasalah mentalnya dia juga bilang pemain naturalisasi akan menutupi kelemahan ini sadar atau gasadar dg ngomong gini sty sudah membenturkan lokal sama naturalisasi,0
username username username sty itu sering menjelekjelekan pemain lokal semisal mengatakan bermental jelek terus dia memujimuji naturalisasi dg bilang timnas lebih menakutkan dg adanya naturalisasi ini kan perbuatan yg membenturbenturkan lokal sama naturalisasi cuma fensnya aja yg gak pada sadar,0
username username betulpolarisasi naturalisasi n pembinaan prmain lokal itu udah sangat ga relevankeduanya bisa berjalan beriringanyang kita ingin kan adalah out put terbaik dari keduanya,0
kalau gw liat sty lovers ini pendukung program naturalisasi dan rata emang fans bola luar disini karena nanti kalau timnas bagus mereka ada bahan tuh liat timnas sekarang ga ada yg maen di liga dagelan ðÿ,0
fans bola indonesia dari jaman dulu masih aja polemik soal naturalisasi gw sih posisi nolak naturalisasi dari juta ada banyak bakattapi ya gitu disiain sementara bahkan naturalisasi ternyata jadi projekan kok bisa orang dukung dan oke aja soal naturalisasi,0
username memilih username sama kyk pssi yg ketumnya sering di kritik oposisi apa sudah keabisan putra indonesia terbaik sampai harus milih pemain naturalisasi bedanya klw timnas bola salah satu duta negara klw presiden satu pemimpin negara mikirrrr,0
hopeprogram naturalisasi ni sebagai bersifat sementaralagi manis kejayaan bola sepak negara ini hasil daripada pemain bangsa malaysia sukan,0
username username username kebablasan yg di maksd itu naturalisasi tapi aspek pembinaannyaa di lupain kualitas liga turun terus standarisasi klub ga di jalanin kompetisi profesional cuma ada liga nah itu,0
username username username padahal program naturalisasi yang dia kerjain itu comot pemain random palingan mas mas tarkam dari belanda yang kebetulan pagi main bola,0
username anak kenal bola gak paham naturalisasi bukti pembinaan bola itu gagal dia gak tau gimana indo maen di piala asia tanpa pemain asing generasi terbaik timnas kala itu,0
username username maka nya klo mau bola maju itu pembinaan tau naturaslisasi bntuk kegagalan knpa naturalisasi lagi bukan pembinaan usia dini,0
username naturalisasi bukti gagal nya pembinaan sepak bola indo,0
username username dari juta jiwa masyarakat indonesia gak ada yang bisa nendang bolajadi wajar jalan terakhir naturalisasi walaupun hasilnya sama aja,0
sty tidak pernah mengeluhkan kualitas pemain lokal tetapi permasalahan mindset dan etos kerja httpstcoufigyuhr,1
username indonesia libya sty pasti berbenah baik taktik amp susunan pemain tapi libya sepertinya masih akan unggul strategibola tebakskor indonesia libya username username username,1
username suka tidak suka coach sty lah yang berhasil membawa gairah positif untuk timnas level senior karena sejak evan dimas cs berhasil juala aff u orang cenderung lebih mengikuti timnas level junior ketimbang senior karena peforma timnas senior yang waktu itu jelek,1
username yang paling kerja keras tinggi menurut sty itu kalau lokal ada pemainasnawi dan pratama arhan dia sering bikin contoh pemain itu ketika ngelatih timnas kelompok umur arhan pas masih sering main emang ggsalah pilih klub aja dia,1
username username salah satu alasan juga knp klub korea ttp ngelirik asnawi krn dari data statistik mereka pasti asnawi msh terhitung bagus buat standar kuota pemain asing bukan masalah koneksi sty dll arhan juga trmasuk kategori ini,1
username username tolonglah sty ngelath dri rank an dan tekhnik pasing operan dasar aja masih di ajarin di latihan timnas yg seharusnya di akademi ssb dan klub masing ga melulu soal piala juara dan aff target pssi itu naik level ke jajaran asia bukan asean lagi,1
namanya aja pertandingan uji coba ya wajar kalau sty bereksperimen netizen coba baca deh ulasannya bagus ini ðÿðÿ,1
username netijen yg benci sty mana mau liat fakta beginian ndos mereka beralibi sty belum juara padahal memberi jam terbang pemain muda itu penting,1
username lhaaaa mungkin itu yg dijadikan dasar bagi sty untuk masang asnawi jadi bukan karena kesayangan dll,1
arkhan fikri tidak usah kecewapada saatnya timnas indonesia akan diisi full httpstcoiwhkclmsyu memburu juarapiala asia tenggara dan piala asia sty hebat erick thohir juga hebat username,1
username gila sih sty pemain tertua aja usia ðÿ,1
username username permasalahan timnas selama ini kan di lini depan sty lbh banyakin stok lini depan jg bukan tanpa alasan bisa jadi itu strategi sty kalo lini depan deadlock kan witan sadil egy juga posisinya mobile di depan sepertinya untuk striker murni kemungkinan cuman dimas dan sananta,1
pilihan pemain yang sudah dikunci sty keknya udah benarâ² pilihan sesuai taktik pelatih dan pakemnya semoga gacor di piala asia,1
username hutajua sasaðÿ,1
username kamu tau gak kenapa di jalan suka banyak mobil karena aku mobilang suka sama kamu ðÿðÿðÿðÿðÿ,1
username ini squad sebagian berari masih bisa main sampai at least tahun kedepan kalau ditanya apa yang sty kasih ke timans indonesia ini legacy pemain muda yang dia kasih berani potong generasi jadi kebanyakan walaupun umur masih tapi pemain udah banyak pengalaman,1
username grup anti sty tidak senang lihat ini,1
username username ga ad taktik biasakan nnton atau baca postingan username disitu dijelasin sty itu banyak taktik dan gameplan lunya aja ga paham tolol,1
username rataan pemain yg bagus utk masa depan kalopun sty gak bs ngasih apa mininal ngasih legacy pemain yg siap dr usia muda timnas kan biasanya avg nya diatas bahkan pun msh dipanggil rutin,1
username yabagus artinya sty bangun tim ini buat jangka panjang semoga ga di pecat sty,1
username username username username eh sampah yg lu ketik benar tpi yg difokuskan itu dr awal di bahas sty masih mau ngelatih timnas apapun situasi nya bangsat,1
username rataan usianya cuyy ngueriii efek potong generasi kemaren memang berani sty negara dg rataan usai termuda siapa ya indonesia pasti masuk salah satunya,1
username yg sty butuhkan pemain naturalisasikualitas pemain liga mgkn nggak berlakuðÿðÿ¼ðÿ,1
username username lah emang mau siapa yang dicoret arkhan wajar krn dia masih muda dan masih minim pengalaman dan saingannya terlalu kuat sty jg pernah bilang arkhan dipanggil buat proyek masa depan timnas adam alis juga wajar dicotet klemar klemer gabisa lari fisik jelek,1
username username gue percaya ten hag kayak gw percaya sty,1
username request adam alis dikabulkan sty awokwok,1
apa saatnya aku bikin kpopfication of timnas ya apalagi pelatihnya sty cuma masih waswas bakalan diperpanjang lagi atau enggak soalnya nasibnya ditentuin pas piala asia,1
username ernando ridho hubner baggott walsh klok ivar shayne marselino dimas struick berharap coach sty pake starting line up ini,1
username username dendy secara permainan emang b aja tapi secara statistik gol jml bermain utk timnas dia lebih baik dari striker di liga skarang yg pernah di panggil timnas era sty seperti dedik ezra yudo dll percayain aja sama sty dia tau apa yg dia butuhkan untuk timnyaðÿœðÿ,1
username username username bantu jawab dr pov sy bg dendy ini memang ga spesial dlm hal finishingdribbling sbg striker tp dia punya stamina work rate dan explosive power yg lumayan dibanding yg lain cocok dg skema sty yg mana strikernya diharuskan pressing bek atau gelandang lawan cont,1
sty mau explore taktik dan jam terbang pemain we trust you coach lesgoo piala asia kita buktikann,1
username gua paham sih kenapa sty coret mereka berdua lini tengah udah kebanyakan pemain sedangkan untuk lini depan dikit bgt adam alis kan dicoret karena mau liburan katanya wkwk nah kalo arkhan bismillah disimpen buat piala asia u,1
username benerlah jangan percaya n terpengaruh sama netizen udah ada buktinya kalo timnas dgn pemain pilihan netizen itu bakal ancur percaya kpd sty,1
ini mirip awal coach shin megang timnassty berupaya memakai segala taktik walaupun hasil ngk bagusdi match ini jelas cobakarena ada beberapa pemain baru gabungya kita liat aja progress nyasemoga makin gacorðÿðÿ,1
username username itu juga luar biasa banget kalo bisa nahan iraq semoga sty amp semua pemain berbenah,1
username semoga ada rezeki yg banyak utk sty dan pasukanðÿ,1
username aku ndak tau tapi udah jelas masuk skema sty andaikan sty mau jujurentahlah,1
username hmm kalo diliat current form adam alis gt gt gt dendy mungkin si dendy punya etos kerja yg disukain sty ðÿ,1
username liat scr objektif skuad yg di bawa sty ke qatar stok lini tengah tipis tapi melimpah sisi sayap udh ketebakkan gaya mainnya pasti andelin couter attack sayap,1
namun secara keseluruhan saya blm mendakwa sty gagal total barangkali saja apa yang tlah dikerjakannya memang akan meledak di piala asia mau starting pemain rantau semua mau kombinasi terserah dia saya kita hanya menantikan hasilnya sty memang bagus atau gadang ota,1
username username sty motong generasi bang karena tau kebanyakan kualitas pemain tahun keatas kita di bawah rata rata untuk level timnas pas sty dateng aja masih di ajarin passing yang bener,1
username username saya suka data taktik yg diuraikan mimin ini ya buat anda netizen asal koment dan hujat buka wawasan dgn mempelajari skema dan strategi coach sty,1
username username username username padahal awal sty dateng udh potong generasi itu dia kemana aja baru sadar wkwk,1
username username yupp justru dikasih kesempatan sm sty buat latihan bareng pemain senior,1
username username username username jaman simon ngikutin request netizen kalah dibully jaman sty kemauan pelatih dibully juga sm netizen wkwkwk,1
username baik banget sty coret adam alis biar doi bisa liburanðÿ,1
username username username ngapain bahas pemain yg gak dipanggil mas sebelum lilipaly gacor juga tetep gak dipilih bahkan kalo dipilihpun gak dimainin alias cadangan berarti emang dr awal bukan lilipaly pemain yg diminta sty terakhir main lawan burundi kan lawan argentina aja gak dimainin,1
username username karena masih muda kayak nya dia ntar di piala asia u pasti di keep dan jadi starter sih soalnya dia andalan sty di u,1
username username antara jordi justin sandy akan ada yg jadi gelandang banyak yg minta dendydimas dicoret itu bakalan resiko karna sisa sananta hoky rafaeel doang didepan mungkin posisi mas adam dan arkhan udh ada kambuaya marcelino klok jenner yg lebih sering dipake sty,1
,1
username username yang bikin kesel itu tuduhan titipan seakan sty mau mempertaruhkan karir dia di piala asia dan cv dia demi menerima titipan pemain sangat konyol cara berpikir mereka,1
username sty ga takut apa sama si bos,1
username username dan yg masih ga dipahami semua org itu favouritsm pelatih ke pemain tertentu kayak sty ini sebetulnya lazim walau pasti bikin heran sendiri ðÿ sekelas inggris brazil pun pernah gitu pelatihnya,1
username username wajar sih formasi andalan sty kan pake bek,1
username ngga ada takutâ²nya sty sama bosnya username ya mbah,1
username username adam alis sama arkhan lumayan tp dibanding sama pemain tengah lain gimana sty bawa banyak pemain belakang soalnya dari mereka bisa jd pemain tengah maybe gitu ya jd ya gak cukup cuma jauh lebih baik dr kemarin dan gak jelak,1
username username suka hilang momen adam alis sama strategi sty keep bola juga terlalu lama shg transisi nya jadi jelek kualitasnya masih biasa aja sih dibanding gelandang yg sisa,1
username username striker lokal ada loh yg dibawa stysisany yg gk dibawa jauh lebih ampas dari dendy menurut gw,1
username username karna kualitas liga kita emang buruk ini fakta pemain lokal kita kebanyakan habis passing melongo dan diam ga bisa cari ruang ga ada pergerakan tanpa bola dan pemahaman bermain yg baik sty kurasa sampai frustasi disetiap latihan ngingetin habis passing hrus gerak wkkwkw,1
username username username di goal lainnya saat timnas dijelbol dia cuman nonton doang saat edo dan hubner pegang bola dibawah ga ada inisiatif gerak cari ruang dan minta bola padahal dia lowong wkwkwkw pemain liga satu mayoritas habis passing melongo dan diam ditempat sty sampai bilang berkali,1
username username ga mgkin juga soalnya bek aslinya kalo wahyu di coretkan tinggal cukup riskan kalo juga ngandelin bek murni apalagi sty sering pake formasi bekðÿ,1
username bilang aja takut sama tim besutan sty ðÿðÿ,1
username username pelatihnya sty biarkan pilihannya yang sesuai apa yang dia mau terakhir ngikutin pilihan netizen timnas ga pernah menang,1
username username buat kita sih ga paham kana ga berlisensi sty kan lisensi nya afc pro jd wajar,1
username username lagi pula jarang bgt itu sty pakai kayanya dia cma coba taktik aja taktik pakemnya dia di timnas indo ya pakai bek semoga sih bnr ya lawan libya ini cma ajang coba pemain taktik amp tes fisik aja so kita tunggu aja nanti di piala asia ajang sebenarny,1
username di wolves biasa main bek kemarin bek tp kemungkinan sty bakal pake formasi bek lg di laga berikutnya mungkin kmrn krn beneran baru gabung aja jd blm dpt instruksiarahan detail,1
username sty jelasin klo match kmrn cuma mau cek kondisi fisik pemain bahkan witan aja dimainin jd bek kanan pematangan taktik dimulai tgl vs libya amp vs iran formasi besok bakal beda sm yg kemarin,1
username konsep sistem bermain masih sama eksekusinya yg salah statement sty bahwa match kemarin untuk match fitness sajamaka mari kita liat nd match vs libya apakah ada perubahan atau tidak analisa main timnas oleh username juga menarik saat lawan libya kemarin,1
username username fisik mengganti pemain di awal babak kedua dan menit itu sudah jadi signature sty ðÿðÿ taktik ga yakin sty berani memakai taktik ini lawan jepang dan irak,1
jangan begitu ah dia pemain bagus lho sebenernya cuma kemarin gua baca di mana gitu bahwa justin hubner bilang kemarin kesulitan karena baru gabung dan metodesistem dan posisi baru di timnas yg asing baginya pertanyaannya kenapa sty yg harusnya dah tau kebutuhan pemainâ,1
username itu bukan salah lo sty itu cuma hasil dari program pssi dan naturalisasi,1
pelatih timnas indonesia shin taeyong meminta fans tidak khawatir setelah kalah coach shin meminta fans untuk tenang sty beralasan laga uji coba pertama hanya untuk memeriksa kondisi para pemain saja usai menjalani tc di antalya bersamagaruda menujupialaasia httpstcohupqkeoeq,1
sofie imam faizal pelatih fisik timnas indonesia standar fisik yg dinginkan sty yaitu pemain mampu beraktivitas fisik dg menempuh jarak km selama x menit vo max harus di atas untuk saat ini asnawi jd pemain dg vo max tertinggi di timnas,1
username username yap bener setuju mantep nya sty itu ini ya mintak punya banyak taktik semoga sukses di piala asiaðÿœðÿ makasih mintakðÿðÿ,1
username username sty tuh banyak bgt variasi taktiknya jadi menurutku sesuai game plan per match nantinya haye bisa jenner bisa sekali lagi butuh pemain yg gerak cari ruang mau dikasih sekelas de bruyne kalo ga disupport pemain lain jg bakal percuma so ini bukan soal org aja,1
username username kalo sty pengen build up ala de zerbi butuh pemain tengah yang tenang punya passing yg bagus decision yg oke bisa memfilter serangan lawan juga atribut itu kayanya ada di thom haye ga sih mintak,1
username username username wkt tc d krosia pembentukan awl timnas u sty jga pakai sebagai formasi tempaltenya jdi secara cover posisi lebih luas dan yg dituntut fisiknya,1
username username username dari kebiasaan sty menangani timnas u sampai senior ketika tc memang fokus genjot d fisik dulu jadi nggk kaget selalu jdi dasar taktiknya kalau pembuktian pasti tunggu di piala asia,1
username username memang sepertinya sty di laga ujicoba ini utk mengetes dan melihat kondisi beberapa pemainnya mengingat ada beberapa pemain yg baru bergabung seperti jordi amat yg sebenarnya masih dlm pemulihan cedera pd bahunya dan juga justin hubner,1
username username setuju kalo mau menghakimi sty ya nanti di piala asia di laga lawan libya walau masuk fifa point lawan iran biarkan aja sty bereksperimen ini yg ga banyak di pahami netizen,1
username username jdi intinya sty maknai match ini training match aja spt pre season awl ngasih pemain minute play menit tapi dimaknai serius oleh byk supporter timnas ðÿ,1
username username username ya kalo lu pesimis ya simpen untuk lu aja ga usah sebar di sosmed untung sty mental nya ga lemah kayak ente menyerah ama keadaan,1
utk pressing ini memang salah positif di era sty ya trigger utk press jalan ada mekanisme utk arahkan bola lalu ada juga pressing trap spt ini intensitasnya pun cukup tinggi kalo dikaitkan sama press conference sty pemain memang diforsir utk press agresif httpstcoqogvyjgpju,1
video terbaru kalo kata sty laga ini untuk tes fisik jadi ga perlu dikhawatirkan soal skor make sense karena sty juga memaksa witan bermain di bek kanan yg notabene utk match fitness aja tp coba kita ulas beberapa problem teknisnya blibli username httpstcojmehrxm,1
pelatih timnas shin taeyong masih yakin kalau tim nya mengalami perkembangan yang positif walau menelan hasil mengecewakan dalam uji coba sty masih memiliki dua kesempatan ujicoba untuk menunjukkan performa tim asuhannya sebelum piala asia setuju dengan pendapat sty lob httpstcotbayebnfh,1
username username karena mental ampas bang mental tai kucing dibacotin sty udh pada kebal,1
bukannya rasis mau sty dikontrak abad ga masalah buat sy asal ada asisten bule nya username username,1
username username lebih baik sty kalo dia penggantinya,1
username username tapi di timnas korea dulu para pemain nya juga jebolan liga eropa bang ga bisa diclaim cocok atau ngga cocok nya sih lebih ke proses adaptasi pemain itu sendiri dengan skema sty,1
username username username silahkan cek kesimpulan dari bungcep username sejauh ini saya setuju dengan beliau mari kita lihat statement dari sty yg mengatakan akan serius di fifa matchday sesungguhnya melawan libya jumat januari harapanitumasihada,1
username username username username elkan pas debut jg gk bagus adaptasi emang perlu sebelum lolos piala asia pun timnas indo trial error di aff butuh trial error banyak sty ini emang suka eksperimen,1
harusnya pengamat ongkang kaki aja di layar tv percaya kinerja sty udah world cup masalah sedang diberesin satu persatu pemain yg dipilih udah pasti yg terbaik,1
username yah namanya juga uji coba un lagian dari pernyataan coach sty juga pemainnya di rotasi semua kita lihat aja pertandingan uji coba ini apakah masih gak jelas permainannya atau tidak,1
username sty coba taktik mainin pemain bukan di posisinya arteta coba taktik mainin pemain bukan di posisinya arteta batu sty batu cocoklogygoblok,1
username username mau yg udah ada sekolah dan universitas yang dibangun sendiri oleh pak prabowo atau mau yg paing epic simak kata coach sty âœœï httpstcohofhttxov,1
pengamat anggap wajar cobacoba formasi sty saat lawan libya httpstcoobfqcytjo,1
nggak usah khawatir ya jebreeeteam kalo kata coach sty ðÿ btw jangan lupa tonton bahasan soal hasil uji coba indonesia ðÿðÿ vs ðÿðÿ¾ libya di dpi ntar malem ya httpstcordndfwjsi,1
username kmrn adalah kamuflase sty supaya kekuatan sebenarnya tidak tampak tunggu saatnya jepang akan,1
username ini salah satu pertimbangan knp sty ga pilih stefano ya selain karna defensive action nya kurang dan role nya di borneo kurang cocok dngn skema yg dimainkan sty,1
pemain banyak yg baru debut ada yg abroad bru dateng pemain debutan dan sty lagi bentuk chemistry antar pemain dan rotasi pun hampir tim di match semalem toll bgt yg cmn liat kebobolan ama kalahnya doang,1
pelatih baru nanti dia jelas diuntungkan karena dapat skuad yang sudah bagus dan bisa dimainkan semua sedangkan sty selama jadi pelatih untuk dapat skuad bagus saja harus bertahap karena tidak semua ada dan bisa langsung dimainkan ðÿââï,1
username pelatih baru nanti dia jelas diuntungkan karena dapat skuad yang sudah bagus dan bisa dimainkan semua sedangkan sty selama jadi pelatih untuk dapat skuad bagus saja harus bertahap karena tidak semua ada dan bisa langsung dimainkan ðÿââï,1
ada yg bilang âœkami yang sadar akan proses tau coach apa yang anda lakukan tadi malamâ in sty we trustðÿ,1
username semoga yg gw harapin bener klo sty masih nyembunyiin strategi bagusnya soalnya klo ngga menurut gw permainan di jaman luis milla lebih enak diliat apalagi jaman sty sekarang pemain skillnya udh bagus dulu luis milla masih bnyak lokalan,1
username username piala indonesia bagaimana yg professional ataupun yg youth cba renungkan username mau timnas main kek jepang ya federasinya lah yg hrus muter otak sty pelatih amp jelas hrus benenah tp klo mau dpet hsil yg lbh baik ya fundamentalnya dong di beresin,1
username username xixixiixi bagi sty dendy kualitasnya setara asia lilipaly aff doang,1
username cuma berharap sty di piala asia nnti bisa lebih maksumal,1
percuma sih ngerecokin dan hate pemain di sosmed itu mh ibarat lu nyapu pasir di gurun justru kalian klo benerâ² peduli sama timnas harusnya sadar timnas di era sty pas dia diawal dan satu tahun kmren itu beda mungkin dia kehilangan teman diskusi bisa aja kan,1
username masuk bool lu un nanti aja anjir ngenilainya pas di piala asia toh yg ngelolosin indo ke piala asia ya sty bukan kim jong un,1
hasil jarang sparing away salah satunya nihdan jelas sty berusaha berexperimentkeep it up bro,1
username sy sih justru optimis sm permainan babak keini cm laga uji coba utk explore dan experimendi luar kesalahan bek timnaspermainan timnas babak ke lbh menjanjikannext qt liat di leg ke vs libyatentu sty akan pakai formasi yg agak serius,1
username woii kasian napa ama mang justin hubner dia baru debut latian jg blm lama cmon lah ni sty jg msh banyak eksperimen buat piala asia,1
username setujuu sepertinya pertanyaan yg sama juga ada di kepala sty deh underutilized mungkin rasanya tp ngelihat pemain yg ada posisi dia paling pas memang bek kanan sih tengah sama belakang udah penuh sesak tinggal gmn dia bersaing sama asnawi aja,1
username username izin menambahkan bungcep dan bungjoe walaupun metode yang diterapkan sty mulai dari pola makanan latihan hingga strategi sudah baik tapi pihak klub dan pemainnya sendiri tidak koperatif ya level timnas kita akan di situ situ saja,1
username username ini ujiang bagi sty atau trosier siapa yg gagal kemungkinan bisa disepak dari kursi kepelatihan timnasnya masing in sty we trus god please help us,1
username username username klo mnurut gw sih emg ada budaya sepak bola sih antara sty sm pemain naturalisasitp gw prcaya ini bakal jadi tmbh kaya pngalamannya sm gaya mainnyalebih pasnya emg pressure yg dikasi ga ngotak sihg ad trend positif yg dikasi dri publik ke mereka,1
username iya dih sty sampai piala asia ini jga gpp yang santer van bronckhorst,1
username username username setuju tgl mungkin sty bakal ngacak lagi komposisi pemain nya atau final form nya nnti pas lawan iran di friendly ke buat amat bener banget dia kayak nya jadi mentor aja deh atau asst sty buat backup sama coach nova biar makin solid di lini belakang,1
username jangan diragukan lagi jerman pun di obok sty apalagi cuma vietnam dan jepang,1
username username justru itu sty itu bukan butuh yg cuma bisa cetak gol aja tapi fisik ada dan juga dendy ini untuk sementara menjelang ragnar masuk lagian ngapain nonton liga indo atau ngikutin banget toh liganya aja ga beres jgn mengandalkan pemain liga lokal kalo bagian depan om wkwk,1
username username lah komen kok bodoh noh liat jepang berapa pemain yang main di liga jepang yang di panggil timnas trus lu maunya sty memilih pemain yang main di liga indonesia dari pada pemain yang main di liga eropa,1
username username username itu jadi hal yang lumrah atau tabu di federasi kita karena federasi juga ngasih target ke pelatih tapi beberapa ada yang bilang gaya filosofi sty gak sesuai dengan gaya pemain keturunan yang bersifat eropa gue cuman berharap sty ngasih yang terbaik aja buat timnas,1
username username dulu pelatihnya ini di aff bkin kejutan di puji puji tidak ada yg bisa memprediksi starting eleven sty skrng bgini di hujat trgantung pemain pemain tuh diksih tanggungjawab suruh striker jd bek ya laksanakan tunggu aja di piala asia ini klo ancur baru evaluasi,1
username username username nah ini lah lo termasuk org yg membenturbenturkan lokal sama naturalisasi korban omongan sty yg suka menjelekjelekan lokal dan mengagungagungkan naturalisasi,1
hubner bahkan blm latihan bareng tim tp langsung dimainin sm sty fix jd pemain inti sih ini pertanyaannya sty ttp mainin dia sbg lcb posisi aslinya walau pengalaman di senior masih mentah bgt atau digeser jd dmf energi mudanya bs dimanfaatin jd ball winner di tengah,1
username username kayaknya emang lagi pada underperform terus juga sbnernya di uji coba kemarin sty lagi fokus bereksperimen witan aja dijadiin rb semalam padahal stok rb timnas masih ada walsh asnawi tapi lebih milih nyoba witan di rb harusnya laga uji coba tuh jangan ditayangin,1
username username username username klo msih goblok ya emank pemain kita yg levelnya segituitu fakta jangankan stypep guardiola pun klo latih timnas kita bisa mendadak tololðÿž,1
username sty sengaja mainin dulu banyak pemain lokal buat jadi perbandingan gimana kualitas yg main di liga sama kualitas pemain yg di liga luar,1
username username positifnya uji coba ini kalau sty amp tim jadi tau kelemahan mereka saat uji coba berusaha lebih baik saat piala asia nanti negatifnya kena mental semoga jauh lebih baik dari kemarin pas piala asia nanti,1
username username username kerasa jomplang banget ngeliat pasing pemain pure indonesia sama half blod heheberarti sty bener minta pemain keturunan,1
username username hooh makanya diganti semua pemain jadi semoga bener aja eksperimen sty,1
username tenang maseeee percaya styðÿ,1
username username namanya ujicobalu pernah liat sty pake formasi kemaren baru bgt ituapalagi justin blm sampe hari latihan blm baru debut juga,1
username taktik sty ini biar kekuatan sesungguhnya timnas gak ketahuan oleh lawan di fase grup piala afc hha,1
selalu saya katakan ke username olah raga itu hrs independen bila dicampur aduk dgn politik hancur apakah sty salah gak bagus tidak bibit pesepak bola kita yg blm ada utk level asia bahkan dunia utk level asia tenggara saja kita sdh dikejar vietnam dan myanmar malu httpstcodgqwylppo,1
username username netizen maunya menang mulu ðÿ wajar lah sty nyoba semua pemain namanya juga friendly match,1
username seinget gw komentator blg gini dgn hadirnya bberapa pemain baru sty mencoba beberapa posisi dalam laga ini,1
username lha gimana timnas bukan buat ngatur gimana main bola yg bener gimana penempatan yg bener itu kan tugas klub di timnas tinggal panen hasil yg udah bener di liga maupun klub sedikit banyak itu yg bikin sty ngambilin pemain diaspora,1
username kebiasaan sty kalau ujicoba suka bapuk pas main di turnamen apa fmd gacoorr,1
username username username sty minta naturalisasi itu karena lokal kita ngampas kalo lokal bagus y pake lokal g naturalisasi kaya pas ngelatih korsel tolong dong logika dipake ðÿœ,1
username username username yahhhh kebiasaan netijen kita bahkan udah ada yg nyuruh nyoret justin dan teriak sty out ðÿ bandingkan saat indonesia menang wo kontra libya di gbk,1
username ini strategi sty menyembunyikan kekuatan timnas yg sebenarnya agar tidak dipantau irakjepangvietnam di laga asia nanti ini contoh twit pemuja sty,1
username username pujian adalah racun termasuk sty udh cukup maklumisasi saatnya kasih kritikan pedas,1
sty masih berproses yes ðÿœ,1
username yup bisa jadi kaya gini karna dari awal sebenernya arhan sudah masuk skema sty tapi kl dr performa kerasa bgt penurunannya karna ga main reguler,1
username username seenggaknya netijen gak spesifik ngehujat pemain siapa siapanya ndos wk paling sty yg kena tp ya sty mana peduli uji tanding gak ada target menang terusðÿ,1
username masih seru sih antara arhanedo walau sty kecenderungannya bakal ttp pilih arhan,1
username username username username kalo dr berita yg beredar gt match kmrn match biasa pas jumat besok baru masuk fifa match a mskpn match biasa yaa sty nii kebiasaan suka nyoba hal diluar nalar yg bkin naik darah wkwkwk,1
username mourinho allegri guardiola juga bakal nyerah dengan skuat timnas emang dari fundamentalnya aja gak megang makanya sty bisa bawa tim ini lolos ke asian cup aja udah ajaib,1
kalah seri menang itu hal yang wajar di sepakbola kita tetap dukung apapun hasilnya kritik sewajarnya jangan bawa localnaturalisasi samasama cinta bola dan untuk lambang garuda di dada ðÿðÿðÿðÿðÿðÿðÿâïâï kami akan terus support dimanapun kamu berada dan dalam keadaan apapun âï httpstconopvdol,1
supporter bola indo ini sdmnya pada rendah yg mrk ngerti tuh cuma bagian naturalisasi saja seketika mrk lupa gmn mrk merendahkan pemain lokal yg ngrendahin pemain naturalisasi mah cuma beberapa tp dibikin heboh sdngkn yg ngrendahin pemain lokal smpe bawa personal tuh banyak,1
gue plg benci sm akunâ bola indo yang mengandalkan drama ga penting buat mendongkrak popularitasnya masalah naturalisasi dan pelatih itu ibaratnya paling nomor bontot kalo masalah prioritas,1
malaysia juga banyak menggunakan pemain keturunan dan naturalisasi jumlah ini lebih banyak dari indonesia yang saat ini diisi oleh pemain keturunan yang dinaturalisasi untuk piala asia ðÿpengamatsepakbola galerisepakbola timnas timnasday timnasindonesia httpstcoqdjrrlbzx,1
username username ya deh bang gua ga bertujuan membela naturalisasi ataupun membela hasil buruk timnas tetapi meluruskan kalau main bola tidak semudah melihat hasil pertandingan,1
username username inggris france aja yg jago maen bola msh byk naturalisasi,1
username username emang nya main bola kumpulin orang langsung main trus langsung hebat kan butuh penyesuaian bang kalau benerin pembinaan dan perbanyak kompetisi gw juga setuju bang tapi kalau konteks naturalisasi yah sabar aja sampai lihat di piala asia,1
username pemain yg sekarang aq lihat ga banyak tingkah kayak si diego ini malah banyak ngasih hal positif kayak sandy negur halus jangan terlalu banyak ngemil coklathal seperti ini yg ga dilihat sama kaum yg kontra naturalisasiya ga bro usernameðÿðÿ,1
username kurangnya timnas masih perlu pemain naturalisasi ayo pssi lebih giat lagi cari orangorang yang mau jadi wni dan pemain bola yang bagus biar prestasi kita terangkat paling tidak di level asia kalo perlu full team dan pemain cadangan juga,1
username username main bola nunggu bukan jemput bola seklas pemain naturalisasi jd bingung mau ngumpan akhirnya balik lg oper belakang wkwk umpang crosing udah kalah tinggi postur,1
bacot ih lokal ataupun naturalisasi kalo ga klop atau chemistrynya kureng yaa ga bakalan bagus mainnya gue malu anjir fans bola indo pada tololsalah dikit kritiknya kemana org yg udh ga main di babak aja masih aja disuruh keluar y gimana mau keluar masuk aja gaðÿ,1
untuk lini serang gak bisa berwordword dikasih bola bawah kerebut dikasih bola atas kalah duel dan serung cenderung memaksakan fix waktunya naturalisasi erling haaland dan mbappe,1
username bola lebih ngalir emang butuh full naturalisasi ini mah,1
username bisa yuk full pemain naturalisasi gw capek ngeliat batang kayu maen bolaðÿ,1
username username awas nanti pengamat indonesia yg paham sepak bola indonesia bilang oh ini salah pelatih bukan pemain padahal suporter liat ya elah pemain local main gini piala asia di obok doang full naturalisasi juga gak apa setidaknya punya gaya main gak gampang salah pasing sama vs kalah,1
naturalisasi semua pemain bola yg di dunia ðÿœ,1
username username username username lu nnton match mana idiottt ga liat lawan turkmenistan ga liat u liat lg dek chemistry u lebih mateng bisa tiki taka main bola pendek gak kek senior yg full naturalisasi main msh longball kacauu orang kek elu sampahâ² fans timnas liat bola ga objektif memek,1
username terbaik di atas kertas sih harusnya iya terbaik tp sepak bola gk bs diprediksi dg kuantitatif justru ini spt tamparan keras utk kita sendiri kita sibuk banget harus naturalisasi pemain demi menyesuaikan level timnas kita sdgkan ada halâ² lain yg perlu utk dikembangkan juga,1
username username makanya gw bilang gtu pemain indo yg abord aja kualitasnya masih gtu aja sokan nolak pemain naturalisasi yg main di eropa setidaknya dr pemahaman bola diatas pemain indo yg passing kontrol masih ancuran so gk usah dah teriak lokal pride lagi kalo kualitas gtu aja,1
username username username ya kan memang keturunan substansinya apa kalo beliau tu keturunan daftar capres bisa uu tidak melarang sederhananya main bola aja bisa naturalisasi mereka bisa membela indonesia ahok aja bisa jadi bupati jadi gubernur mikir yg tidak boleh itu mengutakatik uu lewat mk,1
username username username gk ada yang di akalin semua sesuai prosedur naturalisasi ternyata emang hate speech saja daritadi argumen mu ðÿ dah kelihatan dungu nya ya emang naturalisasi tujuan nya sepak bola emang mau buat apa nambah pasukan tni ðÿ bahasa indonesia gk wajib dalam naturalisasi,1
username username username akan paham dong yakali gk pahamðÿ cadangan wkwkwwk pemain naturalisasi harus main gitu ðÿ walau cidera wajib dimainkan dungu cadangan dalam sepak bola itu wajar buset akal sehat nya hilang rotasi dalam tim itu penting blok ðÿ,1
username username ngeri sekali hari gini masih bicara ras bukankah ketika sudah menjadi warga negara indonesia memiliki hak yang sama anda harus banyak belajar dari sepak bola indonesia yang naturalisasi saja memiliki hak yang sama apalagi yang lahir dan besar di negri ini,1
username username username username udah ada aturan nya soal naturalisasi dan selama ini naturalisasi pemain bola di sahkan oleh dpr dan gk ada masalah pemerintah gk ribet kok elu ribet ðÿ wkwkwkwkw dungu,1
username username username username inget kata gw bahwa naturalisasi lebih besar dr urusan main bola tp ya kalo taunya cm urusan bola ya wajar ðÿ,1
padahal situasinya skrg lebih banyak yg dukung naturalisasi amp progress sty di timnas ngebenturin hal ini justru malah nambah musuh amp org antipati sm opininya harusnya netizen ini dirangkul biar makin banyak yg cerewet tagih perbaikan sistem pembinaan ke federasi,1
username setuju sejauh ini masih banyak pembenturan pembinaan dengan isu naturalisasi apalagi yg bikin narasi polarisasi dengan melabeli lokal dan naturalisasi di timnas ini narasi buat perpecahan kubu antar suporter indonesia,1
yuk jurnalis pengamat influencer netizen yg ngakunya peduli pembinaan usia muda sering ramein atau bikin postingan semacam ini yuk kita fokus support perbaikan grass root amp youth development drpd trus benturin isu ini sm naturalisasi udh gak relevan lg,1
username username username username butuh itu apa maksudnya kalo ukurannya di atas pemain lokal ya rata rata naturalisasi demikian wong naturalisasi pd berkarir di eropa bahkan bbrp di divisi teratas tp ini kan bola emang kalah ya tinggal kalah kan gak bakal pd mati lu kalah bola doang,1
username klo cuma karna banyak pemain naturalisasi filipina lebih banyak harusnya mereka lebih pantas berpestasi klo tc di luar negeri emang seharusnya dilakuin dari dulu siapapun pelatihnya klo pssi emang niat majuin sepak bola indonesia,1
username yg lokalâ koarâ gamau nerima pemain naturalisasi coba liat nihhh pemain lokal yg klean banggain bandel bgt ksel gue lama lama ngeliat kelakuan timnas bola indo udah bukan kek atlet tpi kelakuannya malah kek seleb ngelanggar peraturan coach yg jelasâ itu buat kebaikan mereka,1
a untuk timnas ðÿ ðÿ ðÿ statistik thom haye di eropa sungguh mengesankan pantas jadi andalan kita semoga proses naturalisasi berjalan lancar dan haye bisa memberikan kontribusi besar untuk kebangkitan sepak bola indonesia ðÿª âš½ ï,1
username username username ya memang dr dulu pemain indo gapernah fit makanya gapernah bisa main bola gapernah bisa menang udah cocok naturalisasi semua lebih disiplin tu bule,1
ciee si thom haye lagi ngebut nih karirnya di sepak bola eropa keren banget bro sekarang lagi proses naturalisasi buat main di timnas indonesia semoga bisa jadi pemain tengah kelas dunia deh,1
username kompetisi dari tahun an hasilnya ya gtu saja hal dasar dalam diet saja masih jauh dari harapan pdhal kalau kata media gaji pemain bola lokal udah tinggi naturalisasi cara yg halal toh yg dicari halfblood liga dan pemain di dalam negeri arus bisa cath up nutup gapnya,1
masa penduduk an juta masih harus nyari naturalisasi sih buat dpt pemain bola bro jumlah diaspora kita tuh jutaan salah satu yg terbanyak di asia masa dari juta itu trus ada yg jago ga boleh diambil mereka kan aset kita jg,1
username username username van burgerking mah udah gamain bola baru dinaturalisasi emang pssi jaman dulu aja kocak naturalisasi asalasalan buktinya lilipaly yang periode sama naturalisasi gagal itu sukses kok ðÿ,1
username padahal akar permasalahan ada disitu naturalisasi cuma konsekuensi dari jeleknya kualitas kompetisi dan pembinaan usia dini bola lokal lucunya yang selalu dikritisi konsekuensi nya tapi akar dari permasalahannya pada ademâ² aja,1
nah tuh tahu kalau kompetisi sama pembinaan usia muda perlu dibenah naturalisasi keturunan kok terdengar jadi alasan untuk terhambatnya pengembangan sepak bola lokal,1
kompetisi bola lokal saja persoalan kinerja wasit tahun ke tahun blm ada perubahan signifikan gue sih setuju naturalisasi pemain berdarah indo,1
username bang argentina yg juara dunia aja baru ini ambil pemain spanyol loh pemain keturunan udah biasa dalam dunia sepak bola berhubung negara kita ga menganut dwikenegaraan makanya harus naturalisasi,1
username krn sistem pembinaannya masih blm rapiasalan jd banyak yg takut naturalisasi bikin federasi makin males benerin aspek ini kuncinya ada di keseriusan federasi benahi sistem pembinaan biar g terus dibenturin sm isu naturalisasi,1
username username situasi skrg hampir semua lini kurang kuat untuk bersaing di level asia talenta diaspora blm tentu tiap tahun muncul jd g ada salahnya klo mau memaksimalkan toh buat kepentingan negara jg soal pembinaan ini bahasan berbeda mau ada naturalisasingga y harus ttp jln,1
username username satu line up naturalisasi smua,1
username username username tapi disini squadnya merata bukan cm material posisinya tapi pemain berdarah jawa sumatera naturalisasi sampe anak timur papua bener berhasil menyatukan fanatik club bola yg waktu itu lagi rusuhnya jd terbaik bukan cm prestasinya tapi vibes nya waktu itu berasa bgt,1
username username username iya neneknya oramg sulawesi itu udah memenuhi syarat fifa kok untuk di naturalisasi half blood sampai pihak kakeknenek,1
username seharusnya pemerintah bersikap jelas memulangkanmengusir mereka itu ndak mungkin dan tidak dibenarkan uud peri kemanusiaan membuat mereka terus djadi pengungsi pun mau sampai kapan kalau naturalisasi atas nama sepak bola sadja ada kenapa atas dasar kemanusiaan tidak bisa,1
username pemain naturalisasi udah sekarang waktunya ganti generasi komentator juga nonton timnas komentator cuma modal semangat dan jargon konyol sesekali undang kek para pengamat bola di x ini aslibeberapa ulasannya keren ngebahas taktik,1
username username thun llu gk di naturalisasi mgkin msih trauma sama paketan naturalisasi era dualisme dlu lent tkut salah comot taulah sifat org indo klo trauma lebaynya gk ketulungan,1
username username tahun lalu indonesia memang ga gencar buat naturalisasi pemain mungkin ini waktu yang pas buat dia,1
,1
naturalisasi pemain keturunan menjadi langkah efektif sehubungan dengan pengelolaan akademi sepak bola indonesia yang belum bagus dan pengelolaan liga indonesia yang dinilai masih belum bisa bersaing dengan liga liga tetangga seperti malaysia hanya beropini saja,1
semua persyaratan yang diperlukan untuk proses naturalisasi semoga thom haye segera menjadi bagian dari timnas indonesia dan memberikan kontribusi besar dalam perjalanan sepak bola indonesia,1
username mau percaya sama akmal aja udah aneh dulu pas belum jadi anggota satgas anti mafia bola dia koar punya bukti adanya praktik mafia bola di internal federasi eh sekarang cuma tebar gosip yg mendiskreditkan pemain naturalisasi dan pelatih timnas httpstcohrkqdcx,1
